image_id,Target
id_uawi0k5spci5,1
id_ba566jv4xzln,1
id_q4odggcgnc77,0
id_4lrqmvmmgier,0
id_sqadni8gqzao,0
id_bw60pzuanqn5,0
id_ve74p3p3iwin,0
id_2bsf0d723h7w,0
id_1dyaot1j201i,0
id_wdj9i1g7vcdj,1
id_hgepv0vivis4,1
id_e6mnzt8e7i87,1
id_pldy1zbpto61,0
id_i62mvhd7m56u,1
id_vcv0qfjyyejs,0
id_5ndqxozcg2gv,0
id_z73nzi3mfy3e,0
id_tjvi9equiw4y,1
id_qu0nalhcejee,0
id_x39m4rhg6ibd,0
id_6gywmmmeqvi8,0
id_9f7adpmzunt9,0
id_u1cmqepvg4m4,1
id_bpyvpfgdzn07,0
id_pey5gxe6a8nz,1
id_uxzk8zaf7hxm,1
id_6l2whs7ql75l,0
id_7p0hnytrd2ff,0
id_rskj7pmrx55y,0
id_c1969hw17v10,0
id_hb98kn646tw7,0
id_9l0cof7dxkek,0
id_xjjue0r8x5dn,0
id_pzmegto8nk5b,0
id_4gbxzprdw7z1,1
id_w2jiz7h1pecd,0
id_hnu681uxe4r4,0
id_wckbp5ymse73,1
id_u0r5s1l0j17g,0
id_phscegoyl39z,1
id_slyp47r5qhbb,0
id_nmdpyh73n9by,0
id_oli8hqgjpgoo,0
id_ll11f30t2b63,0
id_xjiqp5lyz7e5,0
id_bed8qgqg83n8,0
id_grye2k26ffgc,1
id_50muc2ycrzn5,0
id_cebxpxsli17h,1
id_9w9p7ulim8xt,1
id_et1hop72p8em,0
id_9kijrwyxsukl,1
id_w22odg6ixf82,0
id_gdmtrqlsui26,0
id_ciwdb8wfukl2,1
id_84ffjppvpzl1,1
id_erle87bewfzp,0
id_9aglb4oo5udg,1
id_vf4vrynb3ski,0
id_bl1pahjrmysr,0
id_rvlizb68ljbi,0
id_cid7kduyyo9y,0
id_yerdfa0ov7uz,0
id_5gl3x4hw4slo,0
id_hkd334k3nb7q,0
id_z6qrzwf381ct,0
id_hak7kqwy7oag,0
id_ta9k0botq0ql,1
id_v67x1qoc0no4,0
id_rz5fqqv4hfr9,0
id_v8tpnswjjham,1
id_tfrx5bv34i7u,0
id_4qs9z7bq7y3r,0
id_m9j42i3hm1il,0
id_6pp91khncero,0
id_kbpfu5m88e7r,0
id_4s2744jftp61,0
id_ym9fmaw4vhwe,0
id_qgtumtppdait,0
id_tzrk3fnpdrgx,0
id_eddjh7nm72iq,1
id_3fcsl3w7uzen,2
id_un7lmn04hasy,0
id_u7443zgfkgrc,0
id_cas2em05729k,0
id_m0y32f7l9mu1,0
id_b1pymyb0t534,2
id_o89jzmww4dra,0
id_n2hxqa5mg00f,0
id_nwmestddv8tk,0
id_x3k75wms3q5c,0
id_ydh1hsf04sa5,0
id_sdk57t4ir365,2
id_hkdpnsb8q9pn,0
id_gtwbhfmxxoxw,1
id_plum7zxuo3l9,0
id_hprxo6y5jooh,1
id_yfe7vzvbtiwt,0
id_1b6dp9p28vry,0
id_ingrpr4ryh6p,1
id_n9ryx8fcftea,2
id_435km7j5l2k6,0
id_oxykkckw34zi,0
id_gp724war3eva,0
id_uhqgqqajw07s,0
id_h7ntyj70bz56,0
id_popc4n1ktbh9,0
id_rja10dzbyt1a,0
id_1uq3e1s1hdwv,0
id_g647trft7x2z,0
id_e6ii5pfw1x80,1
id_drgtrxsnzsdi,0
id_jkm8wwog5pv0,2
id_ar92c2bs9s0r,0
id_ttbejfd4p5i8,0
id_cgcyubw4skx0,1
id_d3b0poc0wymn,1
id_krgln5e3xcvd,0
id_e85xhgwtohbo,2
id_ywteu84p080m,0
id_uzuyey3s4x19,1
id_cs8jls49y60e,1
id_grgfrluakbec,0
id_zj0xeh9i2g12,0
id_c7hrvv1kblrl,1
id_t0w8pz7nvmx4,0
id_1478acapkn36,0
id_p5s9mxgcrqlz,0
id_gz38i1nyzagm,0
id_aexyq2ig6x3s,0
id_2y9xtc8o907z,0
id_jpcz3yhor7ab,0
id_qaau5imfdvml,0
id_r4bcgnvh2o6q,0
id_ti2xqvpg6fj1,0
id_9mdq6op8ji64,1
id_g0b7z4gk07fm,1
id_pzvjiyn7024r,1
id_5cul2voipn5w,0
id_7lym1r9s7dow,1
id_9lfollpdctpn,1
id_d6u1lnnr4i5k,0
id_8yc0nswaaomq,1
id_dor2tzzq9n78,0
id_onj89jzmd9sx,0
id_ahzzu3uzp254,0
id_veean2n0zpb5,0
id_m76ru6t9t98l,1
id_98sssyzgotlv,0
id_ynf0w7y708y4,0
id_5agqlvfibtmf,1
id_mgkj84daetdt,0
id_x4w6qjxzfnam,0
id_xcg8gvuar77k,0
id_sbinwapi5fe1,2
id_lai6iwc5ah5o,0
id_2czola36cqrp,0
id_7yzecotqmsb7,0
id_0bpnu0yzkpus,0
id_j8ldpy4nllce,0
id_0qlavl33qbcz,0
id_8seb6x7hcbfw,1
id_omq0siurgkak,1
id_h7hm1ta0a5tp,2
id_84vlvi8ejpt6,1
id_tlossxnq97yp,0
id_hds2hit8lxtn,0
id_b2kh0icniyo1,0
id_44ay0b8n7lnt,1
id_3b0qqmpasuqe,0
id_t2lk9j37loaq,0
id_ygefc7bs9ybc,0
id_dyxdkbrc3uil,0
id_km220nzluq42,0
id_9gqz3ea1caik,0
id_xlhi8fqgsbo7,0
id_ok9tr64l7zi2,1
id_xrvfplud1uf0,0
id_dydvpah14my7,0
id_u4q5qesgw7cn,1
id_t0nrw9p53pc9,2
id_gemww08juc0q,0
id_qcmucx801awg,1
id_9xn7zkap0c17,0
id_ouph9n9x5xth,1
id_hyqcllv7md5p,1
id_17xh8ln08skl,0
id_b4eva38e8h7l,0
id_rnlmxfjh009y,2
id_nr24kqr5wx6s,0
id_yp9qc1oppuq0,2
id_px2em8two205,0
id_vfm6gq9axxp1,2
id_v67walobmyte,0
id_ylm7bzx2wuqr,0
id_zvcq7ab9fmdo,0
id_k0shmt6y9w7d,1
id_9yvx3n7s4ajy,1
id_cm13ycrackhp,0
id_jxgadjyayss1,0
id_xq6l3f64mc3s,0
id_7jjb5jfoqrou,1
id_208j2vj553nf,1
id_d3qahz9igmkl,0
id_5wkaynqkzfiz,0
id_e79hkr3md548,0
id_hu7w8adegrcx,0
id_5kwqugq27rfp,0
id_85orveifmoap,1
id_brvrf43evbpv,1
id_tr88ky5suofx,1
id_ellc8pgztozf,2
id_f0dp3aice245,0
id_n38sqdeyj5cl,0
id_b2m1zthn5onj,1
id_y7ay5vu507tu,1
id_vepz0i1jhpx5,0
id_6cgnpjjqyg4b,1
id_ywc1d7dww5f7,0
id_bucegazl30zi,0
id_7ml3ln4z05zy,0
id_1uroerbqzlfl,1
id_y1mn1tbof1o1,0
id_33lyri90dwhm,1
id_7g5ksfo8hdqf,0
id_6ypxeoygra0j,2
id_s55b5rwtlbwf,0
id_etkq8u26bxf7,0
id_99i4mg2ajv3r,0
id_91nfe3elv5de,0
id_3utobejomhvv,0
id_2e92fe8amrba,0
id_p0rcnrnv30gm,0
id_6w25c2l5szed,0
id_0nitambx6auk,1
id_spkjoseirz5x,0
id_ghs168xais64,0
id_34tndp3gijzy,0
id_bi56a4dl7xh4,0
id_vriahqy46qp7,0
id_dwq662aue05o,0
id_khr9s7mmjgyg,0
id_cmsyw92s3zjt,2
id_vq3glwy0x4eo,0
id_ulwl69ljm6rc,0
id_y1dcavhv5uf3,1
id_4vj9rmrnxk34,0
id_8go7pmdf7cwk,2
id_ywrp29c6tq73,0
id_0wjzgookc3oc,1
id_mcyd0z7c2kl2,0
id_1c1atvtgpk1r,0
id_49st9h61t6lg,0
id_3ztb9g0i3x78,0
id_6yxjjwviwn1c,0
id_n158ggjm1x6q,0
id_80zy36l6zic4,1
id_qdvaem3f7o7e,1
id_swftvuuihfx1,1
id_wwhjjmkr7s5g,2
id_v9q6uik1junq,0
id_bqkxv1fhfike,0
id_zoe25af0jfw0,1
id_qevxbps1bucy,1
id_4j8nn0w9xcj4,0
id_g88p600jvk4y,2
id_koms23pciy6h,1
id_9b3moa7f5rb2,0
id_ajcfupleoeen,1
id_6gj9p1o14r5g,0
id_bxced164j8kw,1
id_r3lso3wtso1n,2
id_5ixbo6zmxmc9,2
id_qa87xhhgajaw,0
id_e9fbcgm0fbtz,0
id_ijl4atyft61s,2
id_jo077kctofif,1
id_jm7rqccekdm5,0
id_j4uhxp74151e,0
id_z4hrn9ebpnei,0
id_ve0pyem0ckon,0
id_28ooj9eg18yb,0
id_kln93cpta358,0
id_wat13wblxg12,0
id_r2jvm98m7tzb,1
id_ik7k5lby3w21,0
id_36ek2p0xoktu,2
id_9ho9zfusrvy0,0
id_g6xv55ul74iq,2
id_8js4v3fucp2y,0
id_3ajc2kw0c5zh,0
id_qw3q554fcady,0
id_wzg94jhiuwto,0
id_jl71t9w3st8v,0
id_zytkzezf353o,0
id_z15oyolsau6v,0
id_v01do9pfqpdy,0
id_ga3ktxxqsh29,0
id_qh3tarcftwlg,0
id_czl1nidam800,0
id_nhhe040fuft8,0
id_a3vysv6tknvb,1
id_iyyojwkexms5,1
id_7ake4s7ohljs,0
id_ei0539eebq5o,0
id_9gkhrolw4pjl,0
id_i3j9662erq6x,1
id_01ry0uzsn2zg,1
id_5w3iech2qlgo,0
id_zdq7uznidieb,0
id_b6lnbt85egaq,0
id_mkx58xp5errw,0
id_akgo0l00a2zz,1
id_13n3m3kax26u,0
id_wqpvdngyiqh8,1
id_nb7z4y460t6t,0
id_87tvl5ion4wo,0
id_cdn2fl67yb0q,0
id_94hfku74xnko,0
id_vnzctqshbmf8,0
id_qmbud736w9oa,0
id_niem1l5hcwg7,0
id_uajy8jvqooo9,2
id_agqxuh26cvpt,1
id_vj9fmac2q9t9,1
id_kb1la18phd9f,0
id_v6iiw19s37hy,0
id_ql86ap6eybtf,0
id_l0ejrr42x8on,1
id_1vtl1quul5wh,1
id_dwj41otljnl5,1
id_gzl5z3cgjlum,0
id_jzgy05zbr6wy,1
id_deksjoste9nf,1
id_4ko0iyxjpy28,1
id_ciherut5dbox,0
id_ww7liwwzzip3,0
id_bo4zqvxj6uni,1
id_jdq6ysqsmzjf,0
id_begt2fzgl23o,0
id_0bsxu8y0e9gy,0
id_u223y9owb8nd,2
id_7if4jz1o196q,1
id_js3197i6grp4,1
id_1kh4y8tgvmtd,0
id_gev9k9m3t5nd,0
id_pmd9aoh8skax,1
id_c7tk6ncck4sb,0
id_ucr180yirtwh,0
id_855ip71uz26s,0
id_mjzqit8uu2yj,0
id_l5emv0l89gz1,1
id_98s05op1piui,0
id_2lao7ifv3vn1,0
id_7sc96980jd3h,0
id_49d93txi00pc,0
id_m4is2qxe2v74,0
id_3tj06k6c3n9t,1
id_6qs9bgvzy0i9,0
id_sx5b7t0w4t37,1
id_8uli287srnbo,1
id_we4cyehii180,1
id_f3fp8gz8p7cw,0
id_d7uofrpc075k,0
id_p1n7ngc0b2t5,0
id_yygvfdc1uu87,0
id_js07and6tk4s,2
id_fiuupa6tv4m5,2
id_arywznbnuogo,0
id_ar80plm30idu,0
id_ur3in8jcv1m4,0
id_wz1n5j3sna1c,1
id_zw9wstyb28a7,0
id_yqj86j1t7wtp,1
id_k9kxrgj8atd3,1
id_hpuiz8q2x9b8,0
id_jvtpgcsdhbx8,1
id_lvue679892lo,1
id_hqf6t9sz7d1e,2
id_nz9aoc2qefx5,0
id_emklh7bu2jp2,0
id_tji73qqb28a8,0
id_n7upq79ap6vi,0
id_raoj1ru29o6p,0
id_t4pu1cvpkxgf,1
id_uff6bmie07lp,1
id_b5l0tyvh3qpj,0
id_f0zjd7gz185v,0
id_b73r37yqbat4,1
id_50kmts5dd8o0,1
id_4kyobfv013m5,0
id_7qung87lrm2c,0
id_2zqbiub0devc,0
id_i37cztcfz7lc,2
id_im79ju3xoi16,1
id_3u47uxji30mv,0
id_ft5slngz71pf,1
id_euickao089ug,0
id_pricpkyrvsfz,0
id_z9ri6gbgl60t,0
id_hix592g9q2o3,2
id_fhcni1j5r1e2,2
id_besvlyxvdz8v,0
id_1a97t1rsde5w,0
id_c7q4t6a1vh97,0
id_zn1sao35dh6c,1
id_hkl2vbigay8g,0
id_rr3myjonrwtp,0
id_qr8mls70yxk2,1
id_x8k2vs2t13qg,2
id_hcnhx5wenm4v,0
id_mpj2g8zd9d3v,1
id_hbp47to7cawz,0
id_7hz921yk4px6,2
id_9n6lebrrdup9,0
id_02qymhd7kym6,0
id_vnrqgqm7c9vd,0
id_ox5i9tjrgb27,0
id_c58l388lsloj,0
id_zq70t1cxghrs,0
id_3d1uopnv525r,0
id_us9a6i8nctk4,0
id_3g7f90sngqf1,0
id_zn86nbtmfmzr,0
id_90n5f2mlaeiu,0
id_n7vu9vesk2qe,0
id_ygxqr5t0iclx,1
id_ca41m537jo37,0
id_5mwtmsuohvak,1
id_tx2j4to9dz3h,1
id_a15t2r7zfg43,0
id_7elj0npi7pmx,0
id_ryydisfuolla,0
id_avr75haacgyn,1
id_e32uppt9pv60,0
id_s4ikhvu82qu5,0
id_jprqlc4czgte,1
id_tnrdrpunuyez,0
id_5fo6funax83h,0
id_oxb3371wqa87,0
id_lt1u0e46qgpj,1
id_o9vg76wyemx0,0
id_d05zoet4pdqq,0
id_a0d6nt58ragf,0
id_0h4zq95r9ttq,1
id_mh92t6spxyoh,1
id_k9s2vsjwqqcw,0
id_6gfwy37kgkjh,1
id_4ziub8zkwgeo,0
id_ga00s7jwbljr,0
id_nkphzzbjdal7,2
id_uefi5z0h1pt2,2
id_510kvgsdyfkh,1
id_3hfeky0ny4g3,2
id_7mlcoabgd8nf,0
id_zfuem9rh589p,2
id_lkfmz4f2t1y1,1
id_9bticx85i3mf,0
id_nwze30ys5kzh,1
id_cu9rh5fz8o6v,0
id_rtx2oyob4nm7,0
id_xx6azsocvyhr,1
id_3l7za1jl3qyi,1
id_nr0n47j50rj3,0
id_o8yzk67ch0m7,1
id_a0kba1hm8lfx,0
id_gle28zz45wf4,0
id_xgu41lhaobrv,0
id_unfxdt5b12hl,0
id_1vkhklfscfc7,1
id_zb82h1eotq8o,1
id_l81abblrb8y4,0
id_ty1kiktx2a38,0
id_d45ascl94g2t,0
id_aeej2j6fcrk2,1
id_kahai7rfqhgx,0
id_vsfvklgfcrl9,0
id_hou12tlhhvm2,2
id_kuyk5lf2pdbd,1
id_zi6k57jzgoyk,0
id_wc1oo815w50b,0
id_n6andlc9e6ey,0
id_79odg625hs6b,0
id_0ajucjbsa3sf,2
id_qcguvwsrd428,0
id_f6d5io3zyxfy,2
id_5g07it4p1mwi,2
id_m19rqianfiqq,0
id_f805qvlrv9mz,0
id_x3ig2bbsa8dt,0
id_dkfn7kvorwyy,0
id_qqyd2rfxzupg,0
id_sopui0zdmkgj,0
id_e9cilkjg3vtg,0
id_l1sbh5ewm3wh,1
id_j22sf7i33fat,2
id_d0hses72t17c,1
id_r9ep2uymtfbw,0
id_s2ca09grtlyj,0
id_khhoyd9o93uw,0
id_uscpwj6xt1vb,1
id_b0ono495tida,0
id_ws1ysg5b9ol2,0
id_o3axuqh636tt,0
id_vx4hvlosksd4,0
id_svqawcyt4lu4,0
id_sahal9wzyps8,0
id_3n27uf00r53o,0
id_2z9rejjb7pfa,0
id_qno92ayptk91,1
id_99f5xjy6gs34,0
id_agg0dd5cit5l,0
id_bsjx59eais91,0
id_ft80xu4u79w9,0
id_t0ulok0h7vt2,0
id_crw0oi4y8zrr,0
id_jwtjae4anxd6,0
id_aymteeubq2bm,0
id_it7xt9f0b2mo,2
id_0wedw0g8ll04,0
id_p5q5q9f002xo,0
id_qljbowsz4rpz,0
id_j79ypqzgwt08,1
id_hcft1a6p1n5o,0
id_dz715vg8cukn,0
id_q813eoalah1m,0
id_ngsknfz605nv,0
id_glm1mxu307wo,2
id_igrtvyrv1jnb,1
id_osu65w6dlplt,1
id_6m2oen80a9e7,0
id_8l61kyk2tmn6,0
id_xbod8rme2s7b,0
id_65uj9x5g5oe2,1
id_8jdp35m5mnh6,0
id_xhdrg3hrjhth,0
id_w443qudabgj7,1
id_h5o509xab5b6,1
id_0xbcgn6zox2q,1
id_3arta9y4r7x5,0
id_crmoosu9q9c6,2
id_p0mv3elb8bmz,0
id_51kfgxstwh2l,2
id_o69ndipmikmb,0
id_6mtg3atqaboi,0
id_8bvqbepakkpv,1
id_satoj6nazsbi,0
id_twejorv3h9t7,0
id_ndktlx8hilf9,0
id_otrc6god05gq,1
id_safry6im9w7t,0
id_fobk8btttu12,0
id_27m7kczxmvv8,1
id_fyvpt1f375do,2
id_hhjs393v7ozw,0
id_t1i9kfhm3jqc,1
id_cnhg5ews7b38,0
id_jfgeor143qg1,1
id_ekixxl24bqeo,0
id_son32wl5rxk5,0
id_v9t2zf4tf774,1
id_r6njuot5smz6,0
id_fx4lmtw6s4h0,1
id_uy4606sxklld,0
id_igdu2szur20x,0
id_1rts0okld6gd,0
id_28w2vevt710i,0
id_2filwzrg703r,0
id_nvt080lkpszv,0
id_37u1rjb63cig,1
id_fxptszdjf4rl,0
id_8g9y0pd9oklu,1
id_vdx0afghztvj,1
id_xdvhiwxfkd1n,1
id_aviztip9oa8h,2
id_omas9uxe3k7m,0
id_5v8u4n18dl4j,1
id_uzy8mxc4plj8,1
id_a5mawl2n5721,0
id_q4l9gbckhfdd,1
id_28uwk892xbbq,0
id_xgk2ibu4pnu1,0
id_75bsmzvgwlh5,0
id_rkq2nt4c53f6,0
id_ys67xizotkeq,0
id_60ohobzzmipj,0
id_hcfkvq4z0b6d,0
id_7au73zxx9k51,1
id_91a9ziwhqcwd,0
id_t5v9i9xsj8fy,1
id_iug76s5kzxl9,1
id_pxq4fq8liud7,1
id_y0y8gea1zvwr,0
id_go7d36kiz2gm,2
id_kwmqmyn7pebz,1
id_73br8zi50w0g,2
id_ylft5a3zjdwv,1
id_l1f0v8p1tvz8,2
id_09xs6wfuxai7,1
id_12kixwpjf41q,0
id_osbu7gv1laoy,0
id_kwbv5q7yor11,1
id_3w8m5vcb5onq,1
id_mquf1x3iotf1,1
id_tysm5swqwz6d,0
id_4nfpb7nbfvpf,0
id_ejaqs6l9iu1m,0
id_87vziupaou6k,1
id_x7ku0bx94a0k,1
id_r48zzfmqn4b1,1
id_l7oppa90kegz,2
id_qedu6ar2h8de,1
id_akdcalnbxalc,1
id_up680vs8w52z,0
id_0f3fdfv7bm3q,0
id_e04bfj8nd2ef,0
id_3y84gnfzqefc,1
id_l6gt1gu57q1a,0
id_75rcg69we76n,2
id_w6vjn9xjmi9t,0
id_figkkiq51qyh,0
id_djj3bly9rwba,0
id_gzrjwsgrzjqq,0
id_kiqk6el3e68c,1
id_4fahqd283bmu,1
id_3zot4dq9ap2d,2
id_3ybsz1alboo8,0
id_3kuida3rty4q,1
id_3fr5uylimb5b,0
id_w6raocelte9f,0
id_vfkb0952m5ls,0
id_actnfwuwhjmm,0
id_zsbk865pu9va,0
id_4nems5yj16g1,0
id_tky0iu2fwmeg,0
id_b0gyd5cu6nul,0
id_qljqbxviy415,1
id_i8waw5kt3t4d,1
id_aiczb7k0hiot,1
id_45qmifa27ku2,2
id_keo0iep93fwz,0
id_4xusfetyiy4m,0
id_k7oopvjprgk2,0
id_f8pe1wc5qfr9,1
id_ysa48e1kp8t9,0
id_8trrm289uwlh,1
id_bvi8aqqmfrit,0
id_347bm6xo2bip,2
id_onpi88z3ed92,1
id_bc2rprqhgky7,1
id_g4sfwxezmcvb,0
id_mkdxgjkmrdno,0
id_vpcmas4h3q0d,0
id_016450pfgcpy,0
id_tv09v4vha7k9,0
id_vtm67kxigkcv,0
id_hn9hu1n0h99x,0
id_tmxrmcml8yuu,0
id_8l489ttjnsv7,0
id_i3gnbwukzak1,0
id_e7r9g5b6tx1l,0
id_yw6locgsr0xv,0
id_1shf8r2cx527,0
id_133ulha3hlu6,1
id_dsivj3akqczp,1
id_y8o3q0vumrsp,0
id_4qbb7hgbisrc,0
id_e002ip1k0055,1
id_fzm3wfvjp019,0
id_02i24ur4bt4i,0
id_n4ugyo92xpdj,0
id_hm9d4qjqpb8h,0
id_3qfpc223lfux,1
id_tzcejsunvj06,0
id_1mriu3tj7srp,0
id_nzyslcpztu54,0
id_xpiv9bep97q3,0
id_wsvruvgv2l64,1
id_ae9henel2n7d,1
id_nt9y0gwkklj4,1
id_wb7x6qw02itp,0
id_c0d7jt57vppo,0
id_pr88abkyeudo,0
id_nez7lzb0m7bg,0
id_pvnoced5uiev,1
id_wz3qrjs49hbv,0
id_j6lkr0wngw9o,0
id_o58dtsdkmfk7,0
id_jzvu3gsl4r01,1
id_o11gskm8fr8u,1
id_4kf98dq9dibb,0
id_l4wvi7dk5e5m,0
id_5ul07qi3guw8,0
id_g211m14zuicy,1
id_x8sjytuywbpj,1
id_3p5o0k0vvpf4,1
id_vpskn7jamewx,0
id_sza43n7ojsi7,1
id_9q93bikoth3e,0
id_qee0pg1nnph4,0
id_qiewnm043ddp,0
id_nwha7mxady9f,0
id_8s1ky8heifiv,0
id_1vh0656mayl5,0
id_40mfxjv7ntpr,0
id_zqbohqijky7l,0
id_awhzj79pqjji,0
id_fk274xfl157m,0
id_lp9ki0fc5ptl,2
id_of9rmt61noug,0
id_gv333sblhypp,2
id_573px58xxxdq,1
id_a4fkzqmm7uqz,0
id_9rqkv0gcv4sr,1
id_kwsyq56b9ava,1
id_d7dp6xjl3tde,0
id_xa5a20el5yoa,0
id_981qjt8afeb7,0
id_q0ab8kydv48n,2
id_adh0037rwgzr,0
id_gtxqmi33xn20,0
id_ixz1pwthxevq,0
id_yz7q5kr0631h,0
id_y3j8xicpq6jm,0
id_8cvx7tggahzs,1
id_8frl8dasa8he,2
id_orjgc3h21vp3,0
id_tqvh0j5j5ta8,0
id_8xiuzyffacut,1
id_rtyuk2cv9gzk,0
id_fulzc9wiao04,0
id_bvz35g37j31k,0
id_74ift4bo6d5n,2
id_od0ru8f9of8b,0
id_rxozev8l7exa,2
id_luada6elv8iw,0
id_ffi4kx3qnz7m,0
id_zxofthens5ae,0
id_kwbvra5u2vtb,0
id_021jglokzjvq,2
id_ergtmfyab320,0
id_usp90q8p036d,0
id_xqqydbtx5abx,0
id_eebkbb5un7zj,0
id_1qi2fy752xl8,0
id_xagrs2wbmc2i,0
id_b04da17sni4p,1
id_brfwd8x8plcb,0
id_wqtm0vihr1ku,1
id_x9iwt6oyomam,2
id_zhkbrxhmkwxg,2
id_y950rpuw0yvo,0
id_59zx58paccfi,1
id_xc2tph4urtqc,0
id_lkvejgfxswjh,1
id_skfizivirhbm,1
id_6cmwq7yep40a,0
id_hchpzx2ntaod,0
id_ehm2jr5ux0bc,0
id_3mz9bgmuqffr,1
id_nlwn7gk4c7nq,0
id_u55yqcq77ixj,1
id_vneldu8ippko,0
id_wua62pxdp2mo,0
id_i1t4uaj29fu3,0
id_kyy9zuhqtf49,2
id_j3thhgr2am2j,0
id_4wpnsi80jefn,0
id_25vqmgt5msnl,0
id_ekewu097h4oj,1
id_doz3peu12oj1,0
id_39ti7bpzl795,1
id_vmmpiju7i6cu,0
id_c5k309lhou8z,1
id_lu8l9pyqmive,0
id_r6oa3v30orr3,0
id_ngy2obz4bp27,1
id_jt5br8f030zk,1
id_ltk32jhkufqo,0
id_035teovpeikn,1
id_gm2thlpdri98,0
id_buqm5iu1gh0s,0
id_7rcrwdf4gsii,0
id_jgtv89wp02q5,1
id_udrj2zkmd099,1
id_9fyj6759gjwo,1
id_64cdls769f66,0
id_fgtvbsg6ku48,0
id_bv344fjxk4fo,0
id_0su1p3bgoisd,1
id_errgr7677akl,1
id_h9psuixzftp9,1
id_uc0n8vs05myy,0
id_vnehoa8yygfs,0
id_ta90urblz3w7,0
id_izh4ff1mq50y,2
id_dwlqyu7we239,1
id_gj4rk6vj8k8o,1
id_jeq7qybk3low,0
id_dngjkxrbajsq,1
id_mfi774b2pqmu,1
id_12cfa704egzy,1
id_zeq69jiqesy3,0
id_4bty2m09fcek,0
id_52vk14kcdkrk,0
id_lzufc25unt0l,1
id_jd3ah10ou6uy,0
id_fytcib3cf0pr,0
id_p7dn51rftoc9,2
id_j16z9xru4yes,0
id_tea6zwesjlrw,1
id_f9h3c853exvr,2
id_u8sypse19upa,2
id_8o70d2k32551,0
id_6aqp293xm3y6,0
id_zz6walnvdnhj,0
id_b7oynmvdioo4,0
id_5x7v7bdhp8ao,0
id_fzs953awx5vh,0
id_q5vut5rqfkl8,2
id_y7szng2h8vfp,0
id_gf9spczmr6t9,1
id_qdl59x45l15z,0
id_xqs5ws2ranlc,0
id_dce1v2ofw2ft,0
id_4objriqnw3uy,0
id_6frwey70pmx8,2
id_gk4kyrvzre2k,0
id_vumgb49crgrf,1
id_2br6jpx7zxgv,0
id_ogdz0btb0p62,0
id_3l7hukj2z6h3,2
id_9a939ih5a7l9,1
id_lnute4cdhn0t,0
id_tv8l0yy0c4vd,2
id_82vomi1rmk1d,0
id_hmt1nuxi3d9w,0
id_yukfszmqev6d,0
id_kpw4qnre9jtz,0
id_hmdf7lm3gz4w,0
id_dqo4hr27um5o,0
id_40juygmrdq6k,0
id_kenz0na6c1j3,1
id_345deq8xijr7,0
id_y0iqsdsstpsr,0
id_zoxuf1j4dsk7,1
id_c2r31jbap7mj,1
id_wtirp0hoqnyn,0
id_f3x90ju3redl,1
id_5vsww8m6425s,0
id_eqrsi3ick6w5,0
id_aydd8pdu6ir0,0
id_3rgha87cgk9p,0
id_dfv4qcw5jmie,0
id_tl7twrg9w8vl,1
id_wqaki6ty3t38,2
id_571enqukiqp1,1
id_3b5rphrb09z3,2
id_x4c9jp67afvk,0
id_8xnogkjmo92c,0
id_ptqtbqniv7o2,0
id_j0nwhgu4rezw,1
id_uusfrv4yr3yn,0
id_jw6jlmcre4t1,1
id_8xf67z4c1z74,0
id_fq2bwspfccna,1
id_1d0tqzst052y,0
id_u70438qaolei,0
id_jkksnm6krgme,0
id_xwy8zy0k2h4r,1
id_m03nxohkqusu,0
id_9vb0jzr2wwho,0
id_fv01v1x71vg6,0
id_y2i17rsw2qkz,0
id_v96vksabkzpe,0
id_gv1terklt4k0,1
id_iprhl2b157ut,2
id_e0eueermynl3,1
id_wmfz1r369dco,1
id_2rsswyi79bfz,0
id_eqo4gjvzzlnq,1
id_apud3s7t5srx,0
id_oq1y7y5cv204,0
id_uihy41xxuibw,0
id_jkacgoxpebn5,0
id_vdcx6sbt0x6l,0
id_ryo441teocl5,1
id_phfgzapq33z0,2
id_56w28gt28r59,0
id_mfr7dyak61vl,0
id_1zcvsy6e0o8n,0
id_r7sb056824q5,0
id_h8cq64bza2f7,1
id_2yhpdshai8ox,0
id_k9267r15557k,0
id_lgmxis5pxram,0
id_oq24lznxvued,1
id_yovyrh3ijfl6,0
id_wy1k918vbpwf,2
id_x06j02a3k2i1,0
id_gnqk2hlrbdfu,0
id_gspn0musqjyh,0
id_2ps20iu1ty67,1
id_5wnqc762uf4w,1
id_csupjik76ti8,1
id_ysj7scmv7dxx,1
id_h6qrrjzmj1gc,0
id_sjktgtj6boof,0
id_hoy47p4app0e,1
id_cpa3q24m2jla,0
id_vjj5h6jpwea6,0
id_zdnxls1xk81f,1
id_jryg6r4ifwkw,0
id_prh2h0t8j0mp,0
id_591gfqj8hle1,2
id_wvfikpuoj01j,1
id_ykeho90wkkui,1
id_me6itd31imla,0
id_rr2z0iyyyihb,1
id_nh4foyzsq9lr,1
id_an49thde5br2,1
id_wjr2v4sivcj8,1
id_i6pvh5xo6369,0
id_r0wjr2if7861,1
id_9r8vd57k65lh,0
id_skv510tfg9cl,1
id_j5ltf21qw7jx,0
id_9lmph1awil5i,0
id_hwqd03jgo7tf,0
id_86l5f8k75jmz,1
id_ju7zxwfpdb00,1
id_1yygqjvyel50,0
id_wva7krzutlxg,0
id_6c66uht6p3ov,0
id_zrjmbfntwdll,1
id_snhnq9i3qb8u,0
id_viv3h9k804ru,0
id_vk2z6df6i81i,2
id_xn2rpfjx68wu,0
id_y7qoj7e3v5m7,0
id_hdwziaczoy72,0
id_gg9dzy729i0v,1
id_wel6m8copp4w,0
id_0pq1ub4jp3zg,1
id_ze9lnk59vw6h,1
id_1a4c6lc8kt0f,1
id_wceddzqf576n,0
id_nmsqzdk00u2i,0
id_h2fztps82b4s,1
id_1zqr98kae8yd,0
id_1zkx3o1vcvh9,2
id_74gjzm32el7c,0
id_fbtts4sjsnw2,1
id_ggtvhvrz7jbk,0
id_t1yj0eeee4kn,2
id_ngcrnjbskbyp,2
id_4u98j23bhfxl,1
id_240umofydkfl,0
id_04pdfzakylhk,0
id_b8u8kgxuu6x2,1
id_gfrijxjm2fa7,1
id_38ezlzpwilf4,1
id_gwgn7oimlej0,0
id_5ton9qli929z,0
id_x3yp5fc6xauu,1
id_2ha7qz2k1d0o,0
id_au0lqlpdpkby,2
id_c79atc6cbm7s,0
id_uqd9qd7tx63b,0
id_gxp6a4o9vd3h,0
id_2ryin0vpp3m3,0
id_opyqj6hoalio,1
id_j045hwr8funv,1
id_lz67exfbxjvx,0
id_vwlpnn45yt5v,0
id_ic3tausfzinr,0
id_xyqe81dr2a3w,0
id_0lfjr6k4hpo8,1
id_x859xy1m1ogv,1
id_7vq2r31028xe,1
id_zvhr5mng6kdy,0
id_lfotx73itl4t,1
id_omst3ipwvju0,1
id_e4jvftlhfyob,1
id_h7mofn5v59h3,2
id_eb5ow4khwpsr,1
id_dldf5lorhkuk,1
id_956ih43zdpt9,0
id_sxgvq9e2fbrk,1
id_2zkzzgmcztu7,0
id_xgg47wwaujy0,0
id_v6hfa7gh14wa,1
id_we6evfkbwdjj,1
id_nbeah5u1r69i,0
id_0zcsgmmktsqm,1
id_ajpa5ed9vuwh,1
id_cyub37ix9yah,0
id_gcza3rx7m1uu,2
id_2akdxnfripr9,0
id_gmt8bik539ab,0
id_aqp15u3heirn,0
id_cvor0ycppn0d,1
id_epr4mqz52qg4,0
id_c9cyfbf6329o,1
id_f40y5cdltnio,0
id_ggx9g504zdg1,0
id_g1lkhzfysxua,1
id_5npili6hdasd,1
id_8cqie05pxju1,0
id_t7ir2n20omrd,0
id_k32samtdzncl,2
id_142g42g9x72c,1
id_mdq7xd37fird,2
id_dvogv3aky7dd,0
id_kjf6rj8d5v25,2
id_nk1trlk6584x,1
id_cyt0bz0smx2h,1
id_9nanuhxuqkwy,0
id_f1wm3s3n7prs,0
id_s2af4fn2o31l,0
id_3me8fq56r93h,1
id_18ptelxjxgi5,0
id_70y5mubdei55,0
id_qvmnt143oyqv,0
id_ln8xb2v1ms8p,2
id_62ufelc5fihr,0
id_q95nt25gfceu,1
id_lwrkqbroz6xx,0
id_bpywe5o2whua,1
id_54nbdxhjnlea,0
id_rpa4qauqxs6a,1
id_eh5fwtug144z,0
id_xzryjj6ejiuc,0
id_8b6x35q35zmg,1
id_5xtoyde2ilur,1
id_uj85zh63y8aj,0
id_3x6y6fr5hnus,2
id_gb88zqb2z5rz,0
id_tyv0g8qcm13l,0
id_pqcgk6l62ff2,0
id_ptdxg27lyrse,1
id_ad6rw4895tg1,0
id_ogbbrsskqg7a,0
id_jm94rtqezsa4,0
id_t6z0o5x27kj2,1
id_o9da41w2l59e,0
id_f43lnzpsdare,0
id_q0bl48hpmhwv,1
id_0uqpiwukvixi,2
id_r1gazdzqt51t,0
id_hnhpoggokhpl,0
id_4szw5oc2o2hk,1
id_uprl9yg1abv2,0
id_nnncd0uhs5x9,1
id_kd88uk6ye1be,2
id_ftni3pgp192l,1
id_o5owlzlq4tn2,0
id_87un52sd5vfb,0
id_un74fvhip2gy,0
id_qakp0by6aesg,0
id_c216p7c3tktj,1
id_nllpdfpstfyu,0
id_5uypkwfrgqnq,0
id_8bnahqneceaq,1
id_1blp0hg7van8,1
id_aebo3h7wt1p1,1
id_4pgsvsxf3dqc,0
id_md9r61gcbdmy,0
id_y25do5f14ajz,0
id_jci5m2za31v5,1
id_5ox5zdv8w92g,1
id_m39p8shsbemp,1
id_fr6rguvgbyd8,0
id_rrh9rjixd2om,0
id_p3tidj8ite39,1
id_gk85aloxt8g1,1
id_rnm74q43fuiy,1
id_5x07r915e6js,0
id_62yodfj3iq1f,2
id_q8085a015xxz,1
id_ev4paxkgsl04,0
id_5mvo69n250dt,0
id_70adp70jj6x3,0
id_zghdldqdvugf,1
id_hh3l1qu0z0ui,0
id_2984bkg2ed4c,0
id_p8i2hmhscgp2,0
id_9jhdqmfsa37k,1
id_3svrt2ofl1ep,0
id_glvp8j0s5g4g,2
id_b128dv5ut9gy,1
id_k02at6wkxgh3,0
id_8e7eqjtawk7m,0
id_3mkt0sysbrk2,1
id_bfy2lbqb3e5y,1
id_sgltyhn5ngdn,0
id_a9afc6gmotyq,0
id_52quj0ywod6m,1
id_fisswabz2n5d,0
id_y1z69g06s41c,2
id_t7l6xiwh4x8f,0
id_iroezyij72uk,0
id_vvmsr7d8924y,0
id_5y9zqffmvq0l,1
id_loeteas37z6j,1
id_vej4lrua6d3y,0
id_wb829wl9rr76,0
id_id79tk6qfsn3,1
id_rp393ns7twef,1
id_mcsdrdkc4n3o,1
id_j6xjngrtgggh,2
id_7fs5e9tynu09,0
id_h5ar9nr60hx3,1
id_iygo8jq2wuec,0
id_yotbhh61iiqn,1
id_6fimoqb33euw,1
id_kp3herl5uczj,0
id_vllxxb26wr7p,1
id_arrykth9sjso,2
id_yp5mnkrmvge6,1
id_niyi5977kmbl,1
id_7o4pzhkf2rv3,0
id_yy6msrgpc3wm,1
id_x4n5k6xxhajg,0
id_6l66f4ip45ja,1
id_d6rdveeid6uk,0
id_4xxry6q8vs5e,1
id_72pi4zrt52xi,0
id_t6o613qnynb5,1
id_95yh84nf99pv,2
id_rwhn9hf3hnnw,0
id_lebt2cml0hcv,1
id_enznpj65dulj,1
id_que0mdkt4pl9,1
id_jpacm9d7eyle,0
id_1qg48oyzt9f6,0
id_3a6ztb34icga,1
id_wdw5jn95emjb,1
id_za5q7dh7rwlu,0
id_ey4uw3yg3uki,1
id_31fi8kg3dmq9,0
id_iai9hzhxdo4d,0
id_1jfmk2boic2a,0
id_uoa4s5lfs9o6,1
id_i4fysowt39ot,0
id_bn8c4jotqx5w,2
id_dvau142se7vj,0
id_tu78cmhpcz9s,0
id_qrqdtbbd0tc3,0
id_z5j8eezi8knp,1
id_4labsaybouzn,0
id_jrkh0bcmnk1u,0
id_vugklsmnf6yk,1
id_nj22yxxrzf7m,1
id_iauhntpojrpq,0
id_i9npwtwzv9lm,2
id_ozyzimw69etf,0
id_6lc58ed8tuwq,0
id_fc52266if2x9,1
id_77rnvflrgfag,0
id_53i4qgq2iu06,1
id_55oxjodkuj63,1
id_ysrlip2bxg5l,1
id_hrzx87jyyfo7,1
id_pb7gzfa10y53,1
id_hxo67n0zu8k1,0
id_zsrl3e9twpuh,0
id_wb12roj6iop0,1
id_ctmd6wwa5c4x,0
id_rqzhn07f1639,0
id_2blkfmzypl4i,1
id_7799ua7geow5,1
id_w6ka60h23nwu,0
id_uze3edljfnd9,0
id_7fl5968pnltn,1
id_j9ojfzodoylm,1
id_mdkfo1tjiwe8,0
id_x06viemguwqx,1
id_43n4ji4j40mt,0
id_s1ob144zla7g,1
id_vxstz4im7erj,1
id_a3f6wotpieu3,0
id_gqkn53jtscyf,1
id_lpk4omfdgav2,0
id_oedfjy4vlpui,1
id_fkev5duej19o,1
id_0dd44gnxfr5r,2
id_u6oavffjqfef,1
id_i6ltmjtvca5r,0
id_nz6q1nc2f8s9,1
id_swy6roxhaf0r,2
id_y7hwlpnt1q76,0
id_08bxiw63w0wd,1
id_ueckkj2ytzql,1
id_uz2kgmp4kpmc,1
id_vkerp2rnbywh,2
id_lzdvpl99j37l,1
id_2ioj3qoflqrm,0
id_ljmbf8e02r3k,0
id_hjdnsknjmmwl,0
id_sqmf9bkohc24,0
id_ljr7yh1ufgo3,0
id_muws1qhqjv5r,1
id_f93aqdr68q83,0
id_zgkiw7dxgdhi,0
id_i5nawugbleca,0
id_jg9b7xpqpo8d,0
id_b2ozli990q2j,0
id_dswqb39eipi7,1
id_6jvysvk0xwex,0
id_z17p2103m9yz,1
id_pd36hqhyklpr,0
id_hoz1ohq7uxe6,1
id_rz3ccg2jkhdz,0
id_09e9p97aqo9h,0
id_ol8t9o9yx0af,1
id_k86adbudv9mj,0
id_cnj5ix0wbjeu,0
id_kant51n27imx,1
id_8170mxwtrjkl,0
id_64xxgt931ri0,1
id_c17mgrncgcv3,1
id_qh9lbol85juv,0
id_npkfqfn5sx3c,0
id_qezw0gk5sk0b,0
id_vsau3b1pt396,0
id_pxovio4ikqju,1
id_gjfnifgxqjso,1
id_wmml2vlkjou4,2
id_offkv1qw5kxu,0
id_cs900qbzhtjf,1
id_98rjqmjbeb3l,1
id_2mxyzjj62arn,1
id_jl2qgw22kihl,1
id_946pnmaiywge,1
id_faqimvwb8en7,2
id_xbw4gsa0gdn9,0
id_cq9clly4o1j0,0
id_z1f3kzf9hz8v,0
id_r9eqrm8tfhwn,1
id_gmf7zaupyt09,0
id_j96qo5zplh3j,1
id_q1c65ms4dt6n,1
id_s4iuig2qowgl,1
id_wfgrouqvbmas,0
id_m95q73derzmx,1
id_cza5h3rswsrm,2
id_7sj2tg18i62q,0
id_4ynki9u6qm4t,0
id_zhjkaitz68i6,1
id_3ik0al6jj09t,0
id_pxrz3lq6lavf,0
id_urm9i9uskw1s,0
id_l31tqc289xib,1
id_5mxayeuu64gm,1
id_m18hin1mjond,0
id_fq3wrphyxi99,2
id_qm90myvlt24i,0
id_u1yentj3gol3,0
id_q4f7g9f32f62,1
id_f8up5u4kjbdi,1
id_rifu64espg9e,1
id_i1icx1fsabn2,0
id_4uu176nj6naq,2
id_du13t7welj0l,1
id_8vysyazsombk,0
id_pu44v76jnr1l,0
id_iwz34vzck3h9,1
id_itoautqvlo3v,1
id_urcfzex5fvsp,1
id_i2bu11pz2g14,1
id_fkgokst2gopl,1
id_yfe3xu8hymb4,0
id_lip4l7v167ov,2
id_cvvwivnjk9i3,0
id_xpmwn3rbv7pq,1
id_zjivnd202uqp,0
id_swqfxeszlie5,1
id_wfx4im7gqkk6,0
id_0qbk9tisf4d4,1
id_i4dnwinm16qu,0
id_xiljlac547yn,1
id_1i9ut55vc3qs,0
id_b4cc1tzd4s7n,1
id_ut0oz1g8hcr5,1
id_6vevygi8zia7,1
id_5cowlb1grjff,0
id_ztmu72hbskvu,0
id_rooozbxxxjv9,1
id_qpgslkxt1c2y,0
id_3bk882bf9574,1
id_cy8dubqfc4at,1
id_mjjytbvsk7yo,1
id_mw1mnopaa6lz,1
id_v7u3hzzy2cvh,2
id_jo1zsu8vrw2p,1
id_2zek8i7kpepz,1
id_3k992b5f8cuh,1
id_ygohgqegogzi,0
id_l5lzxaqyetyl,1
id_f3wkqtapi5nb,1
id_e7nidmz3cu0g,0
id_cn9f5ewbeg48,0
id_eazl2e4034ib,1
id_awi6qpttt6sa,0
id_6lx965ylievy,0
id_i0sxrm9q8tkl,0
id_6cbe758wlf8r,1
id_rpyy8aigja0v,1
id_8gmh4lzrv16q,0
id_nsie155c904f,2
id_wcykb8tcg9pn,2
id_9vvkpzt09iy0,0
id_dpq5cg81qmjp,0
id_68yuwu76plp6,0
id_st8xpt0ciz0p,1
id_706p5zp7rc6s,0
id_rdxq34e8f0ci,1
id_mqfn87xaysmd,1
id_6e007lgpt46p,0
id_j2nq1qzro61r,1
id_rlanzg4uocjo,0
id_2ljc39bxn69t,1
id_np5mn89cpl1y,0
id_oizxw3ybbdeo,0
id_0e7839jjqdb6,1
id_u2msr70nkbdv,2
id_fpkx6w8118xo,2
id_ul0colvfnxne,1
id_r21bwm15tevb,1
id_yw38h4alo6ny,1
id_0s10khemvetv,0
id_6g3fp99dzfcz,0
id_gax3t04j32ah,0
id_dybxh95fy0wh,1
id_xije8uaeqvzq,0
id_csqqaymk6p5h,0
id_6vfmr323a4mt,0
id_fyuxqds977gv,1
id_5wfwjrbajdw1,0
id_1wdv5zkxwbwv,1
id_cuisf3o1nnuj,0
id_kcirjpi76xpl,1
id_qa3q6tf4kd3d,0
id_epjsizqc40t1,1
id_y4kp8zs3ppp7,1
id_owg59h71o07l,1
id_dikgaqss31z5,1
id_i13x3kjwebhh,0
id_x1zrouzkuire,0
id_xdj57pa430ye,1
id_p27u6gfbg5ic,0
id_amd3n5fsg2tv,1
id_z9sae6ihk5zi,0
id_wh2p1bvtu7sp,0
id_vsf6l9f66mjt,0
id_ndiojv8cjdaw,0
id_zt01owbvyf8m,2
id_7zt17vljoxus,1
id_hl67qghlnho8,1
id_dk1bo5r3stxq,1
id_vjs6hi137hq1,1
id_o9tisrrgboe9,1
id_alkx2z1kkmbb,2
id_cxmub93c7qn0,1
id_bi9r41rkwz1t,1
id_2zbnll7kfrfy,0
id_jadk5ccy76fm,0
id_2omticmagzxr,0
id_r666g1kt6vjj,0
id_2igu7oaxalc5,1
id_5xszjezqrmf5,1
id_bk0w7htktrd0,1
id_u341ds4a17gw,1
id_xn8lqreqlib0,1
id_qxuor2ai8xmd,1
id_li6bdj8komek,1
id_35hixriuxse3,1
id_i07u0n6ll2ai,2
id_pjlbj0tl8x2n,0
id_vlzppg510qua,1
id_rrco2lypc3wo,1
id_64skidxg5srb,0
id_ivj4wli2vpug,1
id_6lrhbhiu8ehc,0
id_83nbfvb6jlpa,0
id_cuce0j0j4ivj,0
id_zxf3ykh7ponm,2
id_nlymkwh50c29,0
id_8fzw0gk3iex3,1
id_uorwucz97n40,1
id_zj0fe5jq5v5c,1
id_r14ikhgojtez,0
id_4l8bk0pmyufs,1
id_mjgmjhp3iix3,1
id_ahz5ibej3n99,0
id_jgepvp2vj3bt,0
id_fcthp35u65wr,0
id_ftcaumgqo0iu,0
id_x8qiwuky10up,0
id_ofezlxlkdyb0,0
id_y2afr46r4p5s,0
id_z10o9mst8xyh,1
id_tk4zkeay6j69,0
id_33ekstqep14l,0
id_phn4uzcvru74,0
id_vmi36hunynb2,0
id_0yrq7lfxp09d,0
id_jod2etow0ntl,0
id_uvqsspqn4hdi,0
id_v2mbn7hnmx1b,0
id_tgom4rtaxfsx,2
id_uzqgmj7jnir9,0
id_ohanzd2n6bri,1
id_mgyfqgwoljd2,1
id_3c3yxirq4fvl,1
id_horttykmrw8p,1
id_68yuj987vhvr,1
id_xy8sxsjjv6nr,1
id_mhiwowzpcn1k,0
id_5dow0mrp755f,2
id_rr38cx2tgeln,0
id_i5ram3ieoter,1
id_j610yuhv6k85,1
id_bkwuqvasca56,1
id_udgbwx19f1rx,1
id_82jogsifxr5j,0
id_3kxijnsm2pi4,1
id_cs3w0u9rupve,1
id_oovvwzmx9f6o,1
id_1gh27vo0ibvz,1
id_kuzt6cqcqrv9,0
id_s3a39mdumyg1,0
id_bm94indhtkxx,0
id_9byu225lvl5v,0
id_06n8i8xv94uj,2
id_qxvogbjkv5h5,0
id_gy9ftwzkgxo5,2
id_do8ot1x8kx88,0
id_8rj07ag48mu8,1
id_soog9y3bbwtq,0
id_s4kspuazlp5c,0
id_080vrn8axghe,0
id_zw7e9oexf6tw,1
id_du4rx4cknvcx,0
id_kiwql4klrbly,1
id_tbp611dsbwye,1
id_yu3hy172mvxo,1
id_vd6wbak50rgu,0
id_5rie3mc8cw15,0
id_i9h4rz9v7mnj,1
id_8eqihs4m3p4i,1
id_tyh5yarajkj3,1
id_r75o2kuieao6,2
id_6yiehc222tvf,0
id_vd4kvvfvpm1e,1
id_z5dceuiq7aza,1
id_kxecfdkrkm78,2
id_a4d84rxm24bf,1
id_em0nn1on19pi,0
id_htts08d5lt1c,0
id_1wyfux082jsp,1
id_adzuyz7i511o,1
id_exh22trdozih,0
id_pkz9z4cckxyv,2
id_cz705p9ijoks,1
id_pu35amexnf1m,0
id_h5rveyknf1aj,1
id_zvuccpxed2lx,1
id_e9wzs7sfa5lm,0
id_l19263o0m597,0
id_m6pyrptt7ejl,2
id_vitx7ptmavb0,1
id_8qou1mppd8uu,1
id_30z15zr23pqp,1
id_ik91uboftq3e,1
id_ahtcrwm0jmoj,1
id_od048qqbtal0,1
id_xf8izwrgujpx,1
id_m3u1flovlrjk,1
id_90txzxkmts9v,0
id_9sqod5uos3cp,2
id_ilpey38cqenu,1
id_fz4vqez3mkua,1
id_5t1mm3ajpq1f,0
id_k81vmciqtmc0,2
id_5l1gvd3hodnd,0
id_l10iyoqdg7c2,0
id_y2f44ct9fwic,1
id_8q4x7mjwrkub,0
id_eoizyz0xufnb,1
id_skomesrosjzx,0
id_ishlwfurs6nx,1
id_s6znkhjcr0ml,1
id_ya1enacfy8jt,0
id_4pejetlmrcfh,0
id_977smv7jat07,1
id_pm1nqn9ro8uu,1
id_4sp6upf6t7b3,1
id_c5g6lcbg4oay,1
id_r2yr6wscrjlk,0
id_drkbklgnlssh,1
id_qvkhpdckdwvf,1
id_boqpnl23jdxb,1
id_mjjg3lupi5j8,0
id_8ujazrmchjqm,1
id_psyjyb14fy8j,1
id_fm2z3v0ebwfj,1
id_s5wco6qeflaq,0
id_r5u698wqf086,0
id_cfoqcht8ua9g,0
id_kd64ja6n5cja,0
id_4cdublua19qo,0
id_bqliwpfqq1qa,1
id_9mnvf37tf05f,1
id_nbzucqyvosra,0
id_e3xmvgvfplin,2
id_o7587vqaqgys,0
id_fzz7l3clnks6,0
id_8oatf642xfk4,1
id_bnv5kk18fxxx,1
id_craov4sz8co5,0
id_7iv4ug8vdhd7,1
id_p18nmvi4wm11,0
id_zdmdah6arz6i,1
id_x2ah9iwxbibg,2
id_6uoz1zu1rals,1
id_3iuiej2r15ey,1
id_555bg5ykebj0,1
id_aw6b72ntluto,1
id_h9q5wfn3vcin,1
id_9coj5ouwek6x,0
id_tbo27narfko8,1
id_alt30jl7whr8,0
id_v0y4hzg1lcw5,0
id_4734i0mo2u3f,2
id_fto6rght0y3g,1
id_up0vhnh1ykz5,0
id_g30o1ea8c52q,1
id_crixc003f5zm,1
id_ewzov0hzm90c,0
id_7s12t1ev8q5s,1
id_ge7mxbcvbdjq,1
id_kuipg4ciszdx,1
id_danq5u5clx3e,0
id_1w9jvwv1zzrg,1
id_bnl56dry4wb5,1
id_s3dphghz26qs,1
id_34e2wllucn6i,1
id_lpsd1yif4vfh,0
id_9t4gfo6puksj,0
id_esm7zzw6rlbj,1
id_wbp454c6hidg,1
id_j18c8zma7wg6,1
id_laic846yhmnk,0
id_1fyor2kw2ro4,2
id_6alflkvk2xzc,1
id_gsz6ujv2ce59,1
id_2kfav220ydgd,0
id_jwp3ux7p6l31,0
id_r61r08okfnmb,1
id_sbz9ncbwxjfi,1
id_fje6fma43qho,0
id_agdq8xpt11d3,0
id_b0ju76mljuei,1
id_2cwoce9vfm24,0
id_wq4u9xajmt7m,0
id_sb0br9vq4em6,1
id_qchy7ib0b3k3,0
id_s13hlrw83syz,2
id_1dqapihb7y4t,0
id_0hlbq0g96uqb,0
id_vo8zxnk3ffwx,1
id_w454zm1pz474,2
id_yk2atbiz74pn,1
id_88dd8a1irn3t,1
id_bdhs111f6lzg,1
id_tow2i7gmtzpi,0
id_9jux1oydoz9c,1
id_hpm180wzembb,0
id_xll2c8i8d6my,1
id_89w9c7bgltbs,1
id_mdzyh3bqshhw,0
id_jvwh6ncm2x1j,0
id_mf7vp1vny34m,0
id_xxrijyre0ji8,0
id_h52hckzo5svh,1
id_alftt4yuwzja,0
id_m0ihegypq7jv,1
id_a3yy8y46tlwx,1
id_igv2pbz8lxqu,1
id_qmhj27jk5u9m,0
id_xm7vm5whrork,1
id_mgl0hvu4zgwb,2
id_sqq2v61othqb,2
id_h27uhpxwr5n3,2
id_7sxda7crbrpr,0
id_wnvlcv2yn2wo,1
id_c2ysfk2uaf71,0
id_mf3t02119xi4,2
id_v7yd9frvfddx,1
id_iloey4uaku71,0
id_qk194sky6obh,1
id_mxv15tbezkgi,0
id_wdnkyqdimvhk,2
id_dby8amzulvqf,0
id_724r1ro0wku8,1
id_cniv5n7etqmp,1
id_1mcxgmx0pueb,1
id_q62x48cymv3p,1
id_p6704x0vw6ao,1
id_0fhu7242baxh,1
id_si09fq7wkwwf,1
id_koy77x17ktty,1
id_i56be7ky8gio,1
id_gxyqefd7cu0t,1
id_7bsnrvcyxqfb,0
id_y10k6k7e45dk,1
id_qx7hl4ybgqy6,0
id_7irue4y4ysmv,1
id_057kc1hft7ic,0
id_zcvswd17nf6w,0
id_mekfjhgl5crr,1
id_3rbyxmo4oe0k,1
id_81kr53jr9tx2,0
id_ue9c20rmdwax,1
id_0r5z9d1nbsi3,1
id_sxqb5b06y9rc,1
id_myoseks9was1,1
id_7qq8kg4xdp3c,0
id_0ckmjp4gunpr,0
id_sjz2mbui5y8b,2
id_uoo8dgo1dclj,1
id_fsqqr7n97ccx,1
id_ahnmgm4789i9,1
id_1bvcadreax4p,1
id_40ua3bgvvxdq,1
id_bedn0tvplzkh,1
id_7dc7a6lpawcd,1
id_8admi4hvdwej,0
id_fh4xnzsac1gy,0
id_ad8fnhn42uet,0
id_tjala9x8heeh,2
id_3ufxrske5pyg,1
id_fg2hkg1z1d8a,0
id_1g7gt83cb3bz,0
id_8dlbzii9nk72,0
id_pfno6wk389f9,0
id_bshlb072adf4,0
id_ovcouxs81s1w,2
id_o0l8ulk3avws,1
id_wn6r6o1gvg6w,1
id_yg6bzavylzh6,2
id_7ea1f5u2aey7,0
id_qsi11a207m8j,0
id_3uj202vlqt9v,0
id_b5rgmcabp8tk,2
id_wcj89hvcc6nu,1
id_vsug5z6clsjm,1
id_506nbw18cjq6,1
id_kszek1roplti,1
id_ac3xd2vhewb4,1
id_kktk9vthn52o,0
id_8bq41tw9n3pr,1
id_t589cbcbm69n,0
id_cfa0usapt8rq,1
id_xxs85h763fdq,1
id_23g991mpaq1g,0
id_qtbzd3c6t1dl,1
id_hdaqsbuxn5g3,1
id_812zkfgpu9ab,1
id_8d8whdn1mhe6,1
id_f5jbcttrkz5r,2
id_0sxsl2qssoif,1
id_ms5aj9xo0hjc,1
id_9luzmkof9hb6,2
id_to3zh0j4terl,2
id_seohpubg5fyy,2
id_sgi4wmct6dg6,1
id_5owxs5ytlcpi,0
id_e5w5esn1409j,1
id_88gssztse3sf,1
id_lw9rh1bmg4hq,1
id_ghxor3lynxgm,0
id_d59duyouyrj3,1
id_nd5tjykyvws9,1
id_4bpuoxftdx47,1
id_jqv49qf8yccr,2
id_crv5wteuhwqu,1
id_nzarulefpt90,1
id_lyee6am2sw7s,1
id_4ycgww8od5ql,1
id_c0dcre1y9bsn,1
id_ds05hhte0f9d,0
id_sjenskvq671o,0
id_56ydlgubnepr,1
id_61zf907esog4,1
id_u90fpulwiy4u,2
id_7jsvva087e4u,1
id_6sgrutgad1uq,0
id_ztu4r5vrwpdu,1
id_ae5a9cdcqjoo,0
id_l5l2suthpbwm,0
id_9ct31hjh6r92,0
id_7e9x3dwfcznz,2
id_vpf16u1miev5,1
id_bfg761tf7xo1,1
id_tu8dlvhs6xfv,0
id_5plpcfcmuaxq,1
id_6qso2k4mpay4,1
id_67112h0ehb0r,1
id_1u6shw89va1s,1
id_50i3j6htrzda,1
id_ezpcwuzxby1d,1
id_jvvkruvdj3ey,1
id_fr1ohf98qj3r,1
id_wo59jcppijle,0
id_huyunvjj8qn7,1
id_gvc967qv820l,1
id_exkrs849b9mu,1
id_2aixmeb44n8v,2
id_vno2k0q7nmov,0
id_z1ncfa5vrx9c,1
id_365qgg1hkeek,2
id_mu6fx9uvmkee,1
id_gyc2oexmcut3,1
id_m3vu8wygzvb2,0
id_e2vu3txn9t3f,1
id_5w55gi3a392v,0
id_aouotqpc4rzy,1
id_88hlt0xfxegr,1
id_dkqy49k3n4el,1
id_h1j3jq1ecait,0
id_q3irerfpicvg,0
id_e6kyjf6ypryc,1
id_4ek6i31a58kb,0
id_x7j86nb18ulv,1
id_1fjvdnmdgjtu,0
id_mycvr85w6ap9,1
id_dhf1y8yn94xo,0
id_16tt99geqbg6,1
id_4c8ypnrirqyl,1
id_6r5ispvemxiy,1
id_9b80upq7ehfw,0
id_zfin32vipjqz,1
id_r6sgc7nlxd41,1
id_v2t59jjgafmy,1
id_hfqwfdix3242,1
id_3ikp9en9nnqf,1
id_a62yw4x16zk1,1
id_02dk8umyxwiu,1
id_5q0y45y131xg,2
id_tfycu9b2r260,1
id_3ujg9i5hjrse,1
id_uywxt15peclw,1
id_eve3d615i4y3,1
id_mn8ho7cl00hn,1
id_9t97zbnyj1w4,1
id_ic6gsclk1akr,1
id_kn8ss80r742q,1
id_gphg05lalcrt,1
id_4z40tuhhl78b,0
id_0927kniq1mb7,1
id_ov1294a4ts2w,1
id_ed1wieyxeewf,1
id_jzd6k8djiqe2,1
id_45jhwjr0mjtv,1
id_6t7yogyp9nc9,0
id_gzr6x295omi4,1
id_cwvkhyn4mlin,2
id_i2pswgo0ff1v,1
id_7i189jxdgsuh,1
id_hir9ywds6m5l,1
id_lm7ax7nrasgr,2
id_0z48geicd1tu,1
id_7tlqt9jbdc2f,1
id_lguxsuggczje,1
id_6r64vmq6iso4,0
id_2ng7r1ajhnd7,1
id_8y0fk46z22rd,1
id_xeniuko173xy,1
id_umtertuixxuj,0
id_fcy5yu3d07pl,1
id_jtihmor8hdg6,2
id_g2wz11h3wizf,1
id_2hr8fj6mmqfb,0
id_sy3f1tvumwp8,1
id_7x08gx8a4iab,0
id_g8l5cyfkvmy5,2
id_y83dh6kn4r6p,1
id_jklw1xb51sby,2
id_id8xd1neey4s,1
id_273tljy03lyu,2
id_cjwi840pndks,1
id_icoalegu5ot9,1
id_fvl7mktilcsb,0
id_4njkk33jvav4,1
id_qkxqbjma0u1x,1
id_s5apv7ajxpxg,1
id_iq8175vu8q1n,1
id_1p97f5d56kfr,2
id_n4ya54amahjq,0
id_8c4he2h3rubh,1
id_y36mhno2nhbe,1
id_zedr2wxfv0r2,1
id_iaqo9nlcxrwg,1
id_4yhxcxfiakss,1
id_s171t8ywfcza,1
id_uvzgnv4mu45v,1
id_gtkvkrjggksd,1
id_ei4oq7cbw147,1
id_bp3oq83pmmi6,1
id_0s4aeferoufm,1
id_58dqle1novs1,1
id_52auzdbhvh70,1
id_xjcx3ahviomy,1
id_r35vt9zr2aze,1
id_fl0ouqcxg278,0
id_ozsm7pcl848z,0
id_rooduooqiba1,1
id_gyc8xld1544m,0
id_i05318qxqcbr,1
id_4ptl2vt5by0p,0
id_gyhsp31t2clq,1
id_9rtap3a7jqm0,0
id_txs155r1z79k,1
id_5f5vy4alxqdz,1
id_pvw0x4zpy82m,1
id_1wnudrcy4ur7,1
id_v8hyxrad50ac,0
id_yblvigpadjot,1
id_cmx63933cf5h,0
id_sidt4jlw3of3,1
id_3jvbfj7yjkux,1
id_c9bvtsvppvr8,1
id_rxhe3s49155g,0
id_k9y3ms3kum98,1
id_ssndoyipid56,1
id_05x71abm7apx,1
id_8mqjhchyyuu4,1
id_vwi4fwaaoqyj,1
id_wrz6fvbjhjnq,1
id_8etuia859fx9,1
id_14mg26t4aoi9,1
id_nol76od6vx7y,1
id_sezn8soqlwvb,1
id_7n8hgwmkp98s,1
id_qrq67an0f9s3,1
id_p8co8g8ajsif,2
id_qglzm8fnqjn1,1
id_ia69zxmm9g3x,1
id_hsj1f4efizs9,0
id_zcm87s3r5uxt,2
id_q4m6w9tobj0c,0
id_5hit1a2tlwxh,1
id_qkzsueksng4y,1
id_imhvacj91r7t,2
id_d7ahaofldih6,0
id_68csultb8isr,2
id_qesrf8j5ym60,0
id_05rze2woixau,2
id_twndvzdilivp,1
id_t387iq2qaovd,2
id_b8bx689mbgnt,1
id_r9zv8hr2zn7r,1
id_1y5bse7b0xpr,1
id_2g2ihbvsc43r,1
id_6lg5zpoicuu1,1
id_339t2oqwaak1,1
id_eyxn84hh38f9,1
id_wc58zx0jhjlg,1
id_xlmdiqpsr8br,1
id_vvjgmgbgpryj,0
id_0lbt0vgop1dl,0
id_90gfq0igckn5,0
id_rofmhznoel18,1
id_qrz2jqgzzcgr,1
id_kx0fn2wtmzve,1
id_02bapdiq65rs,1
id_w8jc62chmz47,1
id_duhh04n1fmf3,1
id_c3fc3hq7n96u,2
id_c41pf8veemis,1
id_fniaow4womia,1
id_n858mk8z68w3,2
id_ugz50rudby13,1
id_ki8dpwoqdsau,1
id_h8p0s0e2zgda,1
id_6frtbknd7inl,1
id_80hyavdhkoq5,1
id_ysep6fi6pae5,0
id_dfc9fdzhplrz,1
id_gknf5u759ive,1
id_1x75omwga118,1
id_s3ry36gpe6o4,1
id_vxkb3p7b7mkn,1
id_53gazrabl5ox,1
id_775sqlums2m1,0
id_7jfufx4k8lq0,1
id_z13fbak1izh8,1
id_p7rwtqdx5eg7,1
id_tybgmljyko14,1
id_34xomi6crkh5,2
id_ysip0e0fz4em,2
id_2bcd7qo9zmsz,1
id_waor65vdnt8e,1
id_wuw9ziv6f9mg,1
id_amwcngh17dz5,1
id_j73kf4sjx5is,1
id_6v31ebw6nzlg,1
id_t1lo4qv5jhms,1
id_e46cr8m33a89,1
id_wbibhha5spm5,1
id_jx1jn16dmldn,1
id_okzqi1i2gde1,1
id_i4ucds09xbtw,1
id_7k1bxeahutr9,1
id_68kxa8sbx5cy,0
id_02mn22kkdipj,1
id_6a1tgoigytmr,1
id_qzndoed27yv2,1
id_eak81zckfii9,1
id_jufsmsi3yr7o,1
id_z9e5aqv40v2t,1
id_gleabzo7qj38,1
id_evn1rrpgzj5z,2
id_snsepz3zef4w,1
id_i0sdxxedshg7,1
id_0lueqws0d0mb,2
id_2n7gcqn4ts8z,2
id_majgtnt9l0nk,1
id_quvx1zv1ndiv,1
id_mcn4wvzdt1dq,1
id_k2o4mw6z4kmd,1
id_etl0ca3yfz46,1
id_xants3t4cvgs,1
id_r5qdu65zegf3,1
id_nylc36dblywv,1
id_q33wrq7raesi,0
id_n9bw4s4qlv1r,1
id_vcsf32mp2972,1
id_0saz72jivife,1
id_pu55t2wbwzsg,1
id_2eg7na76syiv,1
id_rxywbchuqe8i,1
id_8o5qx44mtpfz,2
id_3ho9e8oznpdp,1
id_769crvokqshx,1
id_olsjdyzstxyg,1
id_vx5vxvj3c4pe,0
id_j11zvox1wj9e,1
id_t1a5gxw2kbt9,1
id_auws1l2vb931,1
id_4mf95bo6yyh3,1
id_178qhigjhmz3,1
id_xhxssylxeb5e,1
id_9swmbg5dz2vl,1
id_aodi9xdkad5i,1
id_bz76byz3iz43,1
id_jsvtpx43zuev,1
id_1tsvoz90kb7e,1
id_1yr3tpx3ru8k,1
id_qmnienhglglq,0
id_b10pbuam1jr6,1
id_y2emkjsj4th9,1
id_0hq4yxybtdl4,1
id_0b0pzumg4rbl,1
id_nfmy84k3ecoo,1
id_b7yny44qegdx,1
id_zchy5287bqoz,1
id_h1hdxg6mmvfd,1
id_euipf0mxkn50,0
id_tlc4jychhkst,1
id_co9seukfh96c,1
id_vbd8hyh34jex,1
id_3bqykdqz916y,1
id_xrovnomfy4gs,1
id_je8fujgylb9s,1
id_2mbmk3gbafm5,1
id_2x4cx2zytzpb,2
id_tzb3c6ytlia6,1
id_r1z0ivoh34tw,1
id_goybrify1zb2,1
id_4gumw7q41g21,1
id_mkai707j0d2d,0
id_e926o8ghoodg,1
id_lv7u68hri3fh,1
id_z7w269h9t8ho,2
id_76e4wtywo0n3,1
id_ry3cqt56wj92,1
id_l4l7p7a0kxgm,1
id_x1usknr4cu1t,1
id_0e5o52vtdnqp,1
id_1vvokso5d2kb,1
id_tcsq7jqbs02w,1
id_s8ilxdi8596v,1
id_r69roh21k87x,1
id_0xu8tcpusmq8,1
id_26pm6tljup4f,1
id_tuqof6kq2vi4,1
id_9kqnh5ug8d6r,0
id_sx7xoy3jvpqa,1
id_2fq30axl7bbu,1
id_8aaf3sqo8coo,1
id_ormidj0mwqmd,1
id_m12m67tsdt21,1
id_xxrphn6q6pq4,1
id_ug55djfyyha6,1
id_l2kr3t1ecvlk,1
id_2kyp73xtzvgt,1
id_znqyz1h9fxyn,1
id_ofqb1hz5lomc,1
id_4l0wsdtzbgxe,1
id_i2jkruy3adye,1
id_7x9c787s6vao,1
id_a7km7sewh19v,1
id_lqh1iia3xinp,1
id_vm02b7i2ntdt,2
id_haw3sn1ruj0s,1
id_hjd65vndg4u1,1
id_xpes3tmjdtw5,1
id_3qfdex094r9j,1
id_1965wswwx1lu,1
id_j3jwouro6x7f,1
id_i3k9e1wkykpa,1
id_4o471rxrv4hj,1
id_lmk6r6ag7drr,1
id_thluccclxbi3,1
id_jo5muhvpychj,1
id_njng7ntvpqdr,1
id_wcrr91ru04u2,1
id_bgiygdb84na9,1
id_538qhfme5tnt,1
id_ycc6t2ie3dc9,0
id_55dmeg06uifr,1
id_tfc6r0xtfhj0,2
id_yu5osl3n7okm,1
id_6pxrf4gb2epv,1
id_hdp73t1yxtr1,1
id_oo1y58zrjoz8,1
id_4xr1gtuase6w,1
id_qbchf7maachi,1
id_cexbbltubo60,1
id_1z2r03cy53rx,1
id_jg3tv9d3whai,1
